<?xml version="1.0" encoding="utf-8" ?>
<configuration>
  <PoolMetrics>
    <Time_to_Service>
      <Query>
        Perf | where Computer in ({0})
        | where ObjectName == "Processor Information"
        | where CounterName == "% Processor Time"
        | summarize Value = avg(CounterValue) by Computer
        | project avg = 0, Value , Computer, Status = iff(Value> 80, 0,2)
      </Query>
      <timespan>PT30M</timespan>
      <Tooltip>Unhealthy:More than 80% in the last 30 minutes.</Tooltip>
    </Time_to_Service>
    <LogicalDisk_FreeSpace>
      <Query>
        Perf | where Computer in ({0})
        | where ObjectName == "LogicalDisk"
        | where CounterName == "% Free Space"
        | summarize  (TimeGenerated, Value)=arg_min(TimeGenerated,CounterValue) by Computer
        | project avg = 0, Value , Computer, Status = iff(Value &lt; 20, 0, 2)
      </Query>
      <timespan>PT30M</timespan>
      <Tooltip>Unhealthy:Less than 80% in the last 30 minutes.</Tooltip>
    </LogicalDisk_FreeSpace>
    <Disk_Queue_Time>
      <Query>
        Perf | where Computer in ({0})
        | where ObjectName == "LogicalDisk"
        | where CounterName == "Avg. Disk Queue Length"
        | where InstanceName == "C:"
        | summarize  (TimeGenerated, Value)=arg_min(TimeGenerated,CounterValue) by Computer
        | project avg = 0, Value, Computer, Status = iff(Value &gt; 5, 0, 2)
      </Query>
      <timespan>PT30M</timespan>
      <Tooltip>Unhealthy:Less than 80% in the last 30 minutes.</Tooltip>
    </Disk_Queue_Time>
    <Memory_Page_Faults>
      <Query>
        Perf | where Computer in ({0})
        | where ObjectName == "Memory"
        | where CounterName == "Available MBytes"
        | summarize  (TimeGenerated, Value)=arg_min(TimeGenerated,CounterValue) by Computer
        | project avg = 0, Value, Computer, Status = iff(Value &lt; 500, 0, 2)
      </Query>
      <Drilldown>
      Perf
      | where Computer == {0}
      | where ObjectName == "Memory"
      | where CounterName == "Available MBytes"
      </Drilldown>
      <timespan>PT30M</timespan>
      <Tooltip>Unhealthy:Less than 1GB in the last 30 minutes.</Tooltip>
    </Memory_Page_Faults>
	<Response_time_for_machine>
	<Query>
    Perf | where Computer in ({0})
    | where ObjectName == 'User Input Delay per Session'
    | where CounterName == 'Max Input Delay'
    | where CounterValue != 0
    | summarize  (TimeGenerated, Value)=arg_min(TimeGenerated,CounterValue) by Computer
    | project   avg = 0, Value, Computer, Status = iff(Value > 2000 , 0, 2)
  </Query>
	 <timespan>PT30M</timespan>
	</Response_time_for_machine>
	
  </PoolMetrics>
</configuration>
